{
	"game": {
		"cam": {
			"pos": [
				9.072803497314453,
				-8.22817325592041,
				11.60492992401123
			],
			"rot_aer": [
				-0.16248846054077148,
				-0.5314515233039856,
				0.0
			],
			"vfov": 1.2217305898666382,
			"clip_near": 0.03125,
			"clip_far": 8192.0,
			"base_speed": 4.594795227050781,
			"max_speed": 1000000.0,
			"speedup_factor": 2.0,
			"fast_multiplier": 4.0
		}
	}
}