{
	"window": {
		"input": {
			"mouselook_sens": 1.399999976158142,
			"mouselook_sens_x_scale": 1.0
		}
	},
	"game": {
		"cam": {
			"pos": [
				1292.261962890625,
				1595.6539306640625,
				1.5884863138198853
			],
			"rot_aer": [
				3.0553834438323975,
				-0.37345829606056213,
				0.0
			],
			"vfov": 1.2217305898666382,
			"clip_near": 0.125,
			"clip_far": 8192.0,
			"base_speed": 19.698287963867188,
			"max_speed": 1000000.0,
			"speedup_factor": 2.0,
			"fast_multiplier": 4.0,
			"planar": true
		},
		"dbg_cam": {
			"pos": [
				1167.024658203125,
				1672.681884765625,
				109.16243743896484
			],
			"rot_aer": [
				-2.059595823287964,
				-0.2862261235713959,
				0.0
			],
			"vfov": 1.2217305898666382,
			"clip_near": 0.125,
			"clip_far": 15000.0,
			"base_speed": 127.99970245361328,
			"max_speed": 1000000.0,
			"speedup_factor": 2.0,
			"fast_multiplier": 4.0,
			"planar": true
		},
		"view_dbg_cam": false,
		"sun_azim": 5.864306449890137,
		"sun_elev": 0.24434608221054077,
		"sun_t": 0.7099999785423279
	},
	"renderer": {
		"lighting": {
			"sun_col": [
				1.0,
				0.8497338891029358,
				0.5457245707511902
			],
			"sky_col": [
				0.22797530889511108,
				0.4196050763130188,
				0.8816933035850525
			],
			"fog_col": [
				0.5946314334869385,
				0.7335646152496338,
				0.934392511844635
			],
			"fog_base": 0.052000001072883606,
			"fog_falloff": 1.0
		},
		"fbo.renderscale": {
			"renderscale": 1.0,
			"MSAA": 8,
			"nearest": false
		}
	}
}