{
	"window": {
		"input": {
			"mouselook_sens": 1.399999976158142,
			"mouselook_sens_x_scale": 1.0
		}
	},
	"game": {
		"cam": {
			"pos": [
				864.993896484375,
				911.1965942382813,
				1.4622722864151
			],
			"rot_aer": [
				2.3151509761810303,
				-0.0908953845500946,
				0.0
			],
			"vfov": 1.2217305898666382,
			"clip_near": 0.03125,
			"clip_far": 8192.0,
			"base_speed": 55.71509552001953,
			"max_speed": 1000000.0,
			"speedup_factor": 2.0,
			"fast_multiplier": 4.0
		},
		"dbg_cam": {
			"pos": [
				772.1095581054688,
				803.50537109375,
				90.83369445800781
			],
			"rot_aer": [
				-1.0637433528900146,
				-0.45863741636276245,
				0.0
			],
			"vfov": 1.2217304706573486,
			"clip_near": 0.03125,
			"clip_far": 8192.0,
			"base_speed": 337.79327392578125,
			"max_speed": 1000000.0,
			"speedup_factor": 2.0,
			"fast_multiplier": 4.0
		},
		"view_dbg_cam": true
	}
}