{
	"window": {
		"input": {
			"mouselook_sens": 1.399999976158142,
			"mouselook_sens_x_scale": 1.0
		}
	},
	"game": {
		"cam": {
			"pos": [
				989.0524291992188,
				960.9037475585938,
				31.560606002807617
			],
			"rot_aer": [
				0.2754175662994385,
				-0.22430828213691711,
				0.0
			],
			"vfov": 1.2217305898666382,
			"clip_near": 0.03125,
			"clip_far": 8192.0,
			"base_speed": 55.71509552001953,
			"max_speed": 1000000.0,
			"speedup_factor": 2.0,
			"fast_multiplier": 4.0
		},
		"dbg_cam": {
			"pos": [
				1006.8187255859375,
				772.3409423828125,
				25.09463882446289
			],
			"rot_aer": [
				-2.6312997341156006,
				-0.26022544503211975,
				0.0
			],
			"vfov": 1.2217304706573486,
			"clip_near": 0.03125,
			"clip_far": 8192.0,
			"base_speed": 90.50949096679688,
			"max_speed": 1000000.0,
			"speedup_factor": 2.0,
			"fast_multiplier": 4.0
		},
		"view_dbg_cam": false
	}
}