{
	"window": {
		"input": {
			"mouselook_sens": 1.399999976158142,
			"mouselook_sens_x_scale": 1.0
		}
	},
	"game": {
		"cam": {
			"pos": [
				1614.029296875,
				-342.8349914550781,
				23.68735122680664
			],
			"rot_aer": [
				-1.8433821201324463,
				-0.028510354459285736,
				0.0
			],
			"vfov": 1.2217305898666382,
			"clip_near": 0.125,
			"clip_far": 8192.0,
			"base_speed": 111.4301528930664,
			"max_speed": 1000000.0,
			"speedup_factor": 2.0,
			"fast_multiplier": 4.0,
			"planar": true
		},
		"dbg_cam": {
			"pos": [
				497.88323974609375,
				-166.41726684570313,
				3.3753697872161865
			],
			"rot_aer": [
				-2.0290162563323975,
				0.20068591833114624,
				0.0
			],
			"vfov": 1.2217305898666382,
			"clip_near": 0.125,
			"clip_far": 15000.0,
			"base_speed": 127.99970245361328,
			"max_speed": 1000000.0,
			"speedup_factor": 2.0,
			"fast_multiplier": 4.0,
			"planar": true
		},
		"view_dbg_cam": false,
		"sun_azim": 5.864306449890137,
		"sun_elev": 0.24434608221054077,
		"day_t": 0.6710000038146973,
		"day_speed": 0.01666666753590107
	},
	"renderer": {
		"lighting": {
			"sun_col": [
				1.0,
				0.8497338891029358,
				0.5457245707511902
			],
			"sky_col": [
				0.13350245356559753,
				0.3127976953983307,
				0.8920906782150269
			],
			"fog_col": [
				0.4260936379432678,
				0.5759642124176025,
				0.9778422117233276
			],
			"fog_base": 0.03999999910593033,
			"fog_falloff": 0.6000000238418579
		},
		"fbo.renderscale": {
			"renderscale": 1.0,
			"MSAA": 6,
			"nearest": false
		},
		"exposure": 0.527999997138977
	}
}