{
	"window": {
		"input": {
			"mouselook_sens": 1.399999976158142,
			"mouselook_sens_x_scale": 1.0
		}
	},
	"game": {
		"cam": {
			"pos": [
				25.75702476501465,
				24.32415771484375,
				14.527524948120117
			],
			"rot_aer": [
				-2.1068825721740723,
				-0.2679663896560669,
				0.0
			],
			"vfov": 1.2217305898666382,
			"clip_near": 0.125,
			"clip_far": 8192.0,
			"base_speed": 11.313700675964355,
			"max_speed": 1000000.0,
			"speedup_factor": 2.0,
			"fast_multiplier": 4.0,
			"planar": true
		},
		"dbg_cam": {
			"pos": [
				497.88323974609375,
				-166.41726684570313,
				3.3753697872161865
			],
			"rot_aer": [
				-2.0290162563323975,
				0.20068591833114624,
				0.0
			],
			"vfov": 1.2217305898666382,
			"clip_near": 0.125,
			"clip_far": 15000.0,
			"base_speed": 127.99970245361328,
			"max_speed": 1000000.0,
			"speedup_factor": 2.0,
			"fast_multiplier": 4.0,
			"planar": true
		},
		"view_dbg_cam": false,
		"sun_azim": 5.864306449890137,
		"sun_elev": 0.24434608221054077,
		"day_t": 0.7160000205039978,
		"day_speed": 0.01666666753590107
	},
	"renderer": {
		"lighting": {
			"sun_col": [
				1.0,
				0.8497338891029358,
				0.5457245707511902
			],
			"sky_col": [
				0.13350245356559753,
				0.3127976953983307,
				0.8920906782150269
			],
			"fog_col": [
				0.4260936379432678,
				0.5759642124176025,
				0.9778422117233276
			],
			"fog_base": 0.03999999910593033,
			"fog_falloff": 0.6000000238418579
		},
		"fbo.renderscale": {
			"renderscale": 1.0,
			"MSAA": 6,
			"nearest": false
		},
		"exposure": 0.527999997138977,
		"ocean": {
			"water_roughness": 0.5,
			"waves": [
				[
					0.8184130191802979,
					-0.5746303796768188,
					0.20000000298023224,
					97.0
				],
				[
					0.9899494647979736,
					-0.1414213627576828,
					0.18000000715255737,
					17.0
				],
				[
					-0.674050509929657,
					0.7386852502822876,
					0.15000000596046448,
					13.0
				],
				[
					0.9344877004623413,
					0.35599538683891296,
					0.14000000059604645,
					7.0
				],
				[
					-0.8410184979438782,
					0.5410063862800598,
					0.0729999989271164,
					2.4000000953674316
				],
				[
					0.32556813955307007,
					0.9455185532569885,
					0.054999999701976776,
					3.0
				],
				[
					1.0,
					0.0,
					0.0,
					0.0
				],
				[
					1.0,
					0.0,
					0.0,
					0.0
				],
				[
					0.0,
					0.0,
					0.0,
					0.0
				]
			]
		}
	}
}